PassengerId,Age,Sex_female,Embarked_C,Embarked_Q,Pclass_1,Pclass_2,Parch_0,Parch_1,Parch_2,Parch_3,Parch_4,Parch_5,SibSp_0,SibSp_1,SibSp_2,SibSp_3,SibSp_4,SibSp_5
1,22.0,0,0,0,0,0,1,0,0,0,0,0,0,1,0,0,0,0
2,38.0,1,1,0,1,0,1,0,0,0,0,0,0,1,0,0,0,0
3,26.0,1,0,0,0,0,1,0,0,0,0,0,1,0,0,0,0,0
4,35.0,1,0,0,1,0,1,0,0,0,0,0,0,1,0,0,0,0
5,35.0,0,0,0,0,0,1,0,0,0,0,0,1,0,0,0,0,0
6,29.69911764705882,0,0,1,0,0,1,0,0,0,0,0,1,0,0,0,0,0
7,54.0,0,0,0,1,0,1,0,0,0,0,0,1,0,0,0,0,0
8,2.0,0,0,0,0,0,0,1,0,0,0,0,0,0,0,1,0,0
9,27.0,1,0,0,0,0,0,0,1,0,0,0,1,0,0,0,0,0
10,14.0,1,1,0,0,1,1,0,0,0,0,0,0,1,0,0,0,0
11,4.0,1,0,0,0,0,0,1,0,0,0,0,0,1,0,0,0,0
12,58.0,1,0,0,1,0,1,0,0,0,0,0,1,0,0,0,0,0
13,20.0,0,0,0,0,0,1,0,0,0,0,0,1,0,0,0,0,0
14,39.0,0,0,0,0,0,0,0,0,0,0,1,0,1,0,0,0,0
15,14.0,1,0,0,0,0,1,0,0,0,0,0,1,0,0,0,0,0
16,55.0,1,0,0,0,1,1,0,0,0,0,0,1,0,0,0,0,0
17,2.0,0,0,1,0,0,0,1,0,0,0,0,0,0,0,0,1,0
18,29.69911764705882,0,0,0,0,1,1,0,0,0,0,0,1,0,0,0,0,0
19,31.0,1,0,0,0,0,1,0,0,0,0,0,0,1,0,0,0,0
20,29.69911764705882,1,1,0,0,0,1,0,0,0,0,0,1,0,0,0,0,0
21,35.0,0,0,0,0,1,1,0,0,0,0,0,1,0,0,0,0,0
22,34.0,0,0,0,0,1,1,0,0,0,0,0,1,0,0,0,0,0
23,15.0,1,0,1,0,0,1,0,0,0,0,0,1,0,0,0,0,0
24,28.0,0,0,0,1,0,1,0,0,0,0,0,1,0,0,0,0,0
25,8.0,1,0,0,0,0,0,1,0,0,0,0,0,0,0,1,0,0
26,38.0,1,0,0,0,0,0,0,0,0,0,1,0,1,0,0,0,0
27,29.69911764705882,0,1,0,0,0,1,0,0,0,0,0,1,0,0,0,0,0
28,19.0,0,0,0,1,0,0,0,1,0,0,0,0,0,0,1,0,0
29,29.69911764705882,1,0,1,0,0,1,0,0,0,0,0,1,0,0,0,0,0
30,29.69911764705882,0,0,0,0,0,1,0,0,0,0,0,1,0,0,0,0,0
31,40.0,0,1,0,1,0,1,0,0,0,0,0,1,0,0,0,0,0
32,29.69911764705882,1,1,0,1,0,1,0,0,0,0,0,0,1,0,0,0,0
33,29.69911764705882,1,0,1,0,0,1,0,0,0,0,0,1,0,0,0,0,0
34,66.0,0,0,0,0,1,1,0,0,0,0,0,1,0,0,0,0,0
35,28.0,0,1,0,1,0,1,0,0,0,0,0,0,1,0,0,0,0
36,42.0,0,0,0,1,0,1,0,0,0,0,0,0,1,0,0,0,0
37,29.69911764705882,0,1,0,0,0,1,0,0,0,0,0,1,0,0,0,0,0
38,21.0,0,0,0,0,0,1,0,0,0,0,0,1,0,0,0,0,0
39,18.0,1,0,0,0,0,1,0,0,0,0,0,0,0,1,0,0,0
40,14.0,1,1,0,0,0,1,0,0,0,0,0,0,1,0,0,0,0
41,40.0,1,0,0,0,0,1,0,0,0,0,0,0,1,0,0,0,0
42,27.0,1,0,0,0,1,1,0,0,0,0,0,0,1,0,0,0,0
43,29.69911764705882,0,1,0,0,0,1,0,0,0,0,0,1,0,0,0,0,0
44,3.0,1,1,0,0,1,0,0,1,0,0,0,0,1,0,0,0,0
45,19.0,1,0,1,0,0,1,0,0,0,0,0,1,0,0,0,0,0
46,29.69911764705882,0,0,0,0,0,1,0,0,0,0,0,1,0,0,0,0,0
47,29.69911764705882,0,0,1,0,0,1,0,0,0,0,0,0,1,0,0,0,0
48,29.69911764705882,1,0,1,0,0,1,0,0,0,0,0,1,0,0,0,0,0
49,29.69911764705882,0,1,0,0,0,1,0,0,0,0,0,0,0,1,0,0,0
50,18.0,1,0,0,0,0,1,0,0,0,0,0,0,1,0,0,0,0
51,7.0,0,0,0,0,0,0,1,0,0,0,0,0,0,0,0,1,0
52,21.0,0,0,0,0,0,1,0,0,0,0,0,1,0,0,0,0,0
53,49.0,1,1,0,1,0,1,0,0,0,0,0,0,1,0,0,0,0
54,29.0,1,0,0,0,1,1,0,0,0,0,0,0,1,0,0,0,0
55,65.0,0,1,0,1,0,0,1,0,0,0,0,1,0,0,0,0,0
56,29.69911764705882,0,0,0,1,0,1,0,0,0,0,0,1,0,0,0,0,0
57,21.0,1,0,0,0,1,1,0,0,0,0,0,1,0,0,0,0,0
58,28.5,0,1,0,0,0,1,0,0,0,0,0,1,0,0,0,0,0
59,5.0,1,0,0,0,1,0,0,1,0,0,0,0,1,0,0,0,0
60,11.0,0,0,0,0,0,0,0,1,0,0,0,0,0,0,0,0,1
61,22.0,0,1,0,0,0,1,0,0,0,0,0,1,0,0,0,0,0
62,38.0,1,0,0,1,0,1,0,0,0,0,0,1,0,0,0,0,0
63,45.0,0,0,0,1,0,1,0,0,0,0,0,0,1,0,0,0,0
64,4.0,0,0,0,0,0,0,0,1,0,0,0,0,0,0,1,0,0
65,29.69911764705882,0,1,0,1,0,1,0,0,0,0,0,1,0,0,0,0,0
66,29.69911764705882,0,1,0,0,0,0,1,0,0,0,0,0,1,0,0,0,0
67,29.0,1,0,0,0,1,1,0,0,0,0,0,1,0,0,0,0,0
68,19.0,0,0,0,0,0,1,0,0,0,0,0,1,0,0,0,0,0
69,17.0,1,0,0,0,0,0,0,1,0,0,0,0,0,0,0,1,0
70,26.0,0,0,0,0,0,1,0,0,0,0,0,0,0,1,0,0,0
71,32.0,0,0,0,0,1,1,0,0,0,0,0,1,0,0,0,0,0
72,16.0,1,0,0,0,0,0,0,1,0,0,0,0,0,0,0,0,1
73,21.0,0,0,0,0,1,1,0,0,0,0,0,1,0,0,0,0,0
74,26.0,0,1,0,0,0,1,0,0,0,0,0,0,1,0,0,0,0
75,32.0,0,0,0,0,0,1,0,0,0,0,0,1,0,0,0,0,0
76,25.0,0,0,0,0,0,1,0,0,0,0,0,1,0,0,0,0,0
77,29.69911764705882,0,0,0,0,0,1,0,0,0,0,0,1,0,0,0,0,0
78,29.69911764705882,0,0,0,0,0,1,0,0,0,0,0,1,0,0,0,0,0
79,0.83,0,0,0,0,1,0,0,1,0,0,0,1,0,0,0,0,0
80,30.0,1,0,0,0,0,1,0,0,0,0,0,1,0,0,0,0,0
81,22.0,0,0,0,0,0,1,0,0,0,0,0,1,0,0,0,0,0
82,29.0,0,0,0,0,0,1,0,0,0,0,0,1,0,0,0,0,0
83,29.69911764705882,1,0,1,0,0,1,0,0,0,0,0,1,0,0,0,0,0
84,28.0,0,0,0,1,0,1,0,0,0,0,0,1,0,0,0,0,0
85,17.0,1,0,0,0,1,1,0,0,0,0,0,1,0,0,0,0,0
86,33.0,1,0,0,0,0,1,0,0,0,0,0,0,0,0,1,0,0
87,16.0,0,0,0,0,0,0,0,0,1,0,0,0,1,0,0,0,0
88,29.69911764705882,0,0,0,0,0,1,0,0,0,0,0,1,0,0,0,0,0
89,23.0,1,0,0,1,0,0,0,1,0,0,0,0,0,0,1,0,0
90,24.0,0,0,0,0,0,1,0,0,0,0,0,1,0,0,0,0,0
91,29.0,0,0,0,0,0,1,0,0,0,0,0,1,0,0,0,0,0
92,20.0,0,0,0,0,0,1,0,0,0,0,0,1,0,0,0,0,0
93,46.0,0,0,0,1,0,1,0,0,0,0,0,0,1,0,0,0,0
94,26.0,0,0,0,0,0,0,0,1,0,0,0,0,1,0,0,0,0
95,59.0,0,0,0,0,0,1,0,0,0,0,0,1,0,0,0,0,0
96,29.69911764705882,0,0,0,0,0,1,0,0,0,0,0,1,0,0,0,0,0
97,71.0,0,1,0,1,0,1,0,0,0,0,0,1,0,0,0,0,0
98,23.0,0,1,0,1,0,0,1,0,0,0,0,1,0,0,0,0,0
99,34.0,1,0,0,0,1,0,1,0,0,0,0,1,0,0,0,0,0
100,34.0,0,0,0,0,1,1,0,0,0,0,0,0,1,0,0,0,0
101,28.0,1,0,0,0,0,1,0,0,0,0,0,1,0,0,0,0,0
102,29.69911764705882,0,0,0,0,0,1,0,0,0,0,0,1,0,0,0,0,0
103,21.0,0,0,0,1,0,0,1,0,0,0,0,1,0,0,0,0,0
104,33.0,0,0,0,0,0,1,0,0,0,0,0,1,0,0,0,0,0
105,37.0,0,0,0,0,0,1,0,0,0,0,0,0,0,1,0,0,0
106,28.0,0,0,0,0,0,1,0,0,0,0,0,1,0,0,0,0,0
107,21.0,1,0,0,0,0,1,0,0,0,0,0,1,0,0,0,0,0
108,29.69911764705882,0,0,0,0,0,1,0,0,0,0,0,1,0,0,0,0,0
109,38.0,0,0,0,0,0,1,0,0,0,0,0,1,0,0,0,0,0
110,29.69911764705882,1,0,1,0,0,1,0,0,0,0,0,0,1,0,0,0,0
111,47.0,0,0,0,1,0,1,0,0,0,0,0,1,0,0,0,0,0
112,14.5,1,1,0,0,0,1,0,0,0,0,0,0,1,0,0,0,0
113,22.0,0,0,0,0,0,1,0,0,0,0,0,1,0,0,0,0,0
114,20.0,1,0,0,0,0,1,0,0,0,0,0,0,1,0,0,0,0
115,17.0,1,1,0,0,0,1,0,0,0,0,0,1,0,0,0,0,0
116,21.0,0,0,0,0,0,1,0,0,0,0,0,1,0,0,0,0,0
117,70.5,0,0,1,0,0,1,0,0,0,0,0,1,0,0,0,0,0
118,29.0,0,0,0,0,1,1,0,0,0,0,0,0,1,0,0,0,0
119,24.0,0,1,0,1,0,0,1,0,0,0,0,1,0,0,0,0,0
120,2.0,1,0,0,0,0,0,0,1,0,0,0,0,0,0,0,1,0
121,21.0,0,0,0,0,1,1,0,0,0,0,0,0,0,1,0,0,0
122,29.69911764705882,0,0,0,0,0,1,0,0,0,0,0,1,0,0,0,0,0
123,32.5,0,1,0,0,1,1,0,0,0,0,0,0,1,0,0,0,0
124,32.5,1,0,0,0,1,1,0,0,0,0,0,1,0,0,0,0,0
125,54.0,0,0,0,1,0,0,1,0,0,0,0,1,0,0,0,0,0
126,12.0,0,1,0,0,0,1,0,0,0,0,0,0,1,0,0,0,0
127,29.69911764705882,0,0,1,0,0,1,0,0,0,0,0,1,0,0,0,0,0
128,24.0,0,0,0,0,0,1,0,0,0,0,0,1,0,0,0,0,0
129,29.69911764705882,1,1,0,0,0,0,1,0,0,0,0,0,1,0,0,0,0
130,45.0,0,0,0,0,0,1,0,0,0,0,0,1,0,0,0,0,0
131,33.0,0,1,0,0,0,1,0,0,0,0,0,1,0,0,0,0,0
132,20.0,0,0,0,0,0,1,0,0,0,0,0,1,0,0,0,0,0
133,47.0,1,0,0,0,0,1,0,0,0,0,0,0,1,0,0,0,0
134,29.0,1,0,0,0,1,1,0,0,0,0,0,0,1,0,0,0,0
135,25.0,0,0,0,0,1,1,0,0,0,0,0,1,0,0,0,0,0
136,23.0,0,1,0,0,1,1,0,0,0,0,0,1,0,0,0,0,0
137,19.0,1,0,0,1,0,0,0,1,0,0,0,1,0,0,0,0,0
138,37.0,0,0,0,1,0,1,0,0,0,0,0,0,1,0,0,0,0
139,16.0,0,0,0,0,0,1,0,0,0,0,0,1,0,0,0,0,0
140,24.0,0,1,0,1,0,1,0,0,0,0,0,1,0,0,0,0,0
141,29.69911764705882,1,1,0,0,0,0,0,1,0,0,0,1,0,0,0,0,0
142,22.0,1,0,0,0,0,1,0,0,0,0,0,1,0,0,0,0,0
143,24.0,1,0,0,0,0,1,0,0,0,0,0,0,1,0,0,0,0
144,19.0,0,0,1,0,0,1,0,0,0,0,0,1,0,0,0,0,0
145,18.0,0,0,0,0,1,1,0,0,0,0,0,1,0,0,0,0,0
146,19.0,0,0,0,0,1,0,1,0,0,0,0,0,1,0,0,0,0
147,27.0,0,0,0,0,0,1,0,0,0,0,0,1,0,0,0,0,0
148,9.0,1,0,0,0,0,0,0,1,0,0,0,0,0,1,0,0,0
149,36.5,0,0,0,0,1,0,0,1,0,0,0,1,0,0,0,0,0
150,42.0,0,0,0,0,1,1,0,0,0,0,0,1,0,0,0,0,0
151,51.0,0,0,0,0,1,1,0,0,0,0,0,1,0,0,0,0,0
152,22.0,1,0,0,1,0,1,0,0,0,0,0,0,1,0,0,0,0
153,55.5,0,0,0,0,0,1,0,0,0,0,0,1,0,0,0,0,0
154,40.5,0,0,0,0,0,0,0,1,0,0,0,1,0,0,0,0,0
155,29.69911764705882,0,0,0,0,0,1,0,0,0,0,0,1,0,0,0,0,0
156,51.0,0,1,0,1,0,0,1,0,0,0,0,1,0,0,0,0,0
157,16.0,1,0,1,0,0,1,0,0,0,0,0,1,0,0,0,0,0
158,30.0,0,0,0,0,0,1,0,0,0,0,0,1,0,0,0,0,0
159,29.69911764705882,0,0,0,0,0,1,0,0,0,0,0,1,0,0,0,0,0
160,29.69911764705882,0,0,0,0,0,0,0,1,0,0,0,0,0,0,0,0,0
161,44.0,0,0,0,0,0,0,1,0,0,0,0,1,0,0,0,0,0
162,40.0,1,0,0,0,1,1,0,0,0,0,0,1,0,0,0,0,0
163,26.0,0,0,0,0,0,1,0,0,0,0,0,1,0,0,0,0,0
164,17.0,0,0,0,0,0,1,0,0,0,0,0,1,0,0,0,0,0
165,1.0,0,0,0,0,0,0,1,0,0,0,0,0,0,0,0,1,0
166,9.0,0,0,0,0,0,0,0,1,0,0,0,1,0,0,0,0,0
167,29.69911764705882,1,0,0,1,0,0,1,0,0,0,0,1,0,0,0,0,0
168,45.0,1,0,0,0,0,0,0,0,0,1,0,0,1,0,0,0,0
169,29.69911764705882,0,0,0,1,0,1,0,0,0,0,0,1,0,0,0,0,0
170,28.0,0,0,0,0,0,1,0,0,0,0,0,1,0,0,0,0,0
171,61.0,0,0,0,1,0,1,0,0,0,0,0,1,0,0,0,0,0
172,4.0,0,0,1,0,0,0,1,0,0,0,0,0,0,0,0,1,0
173,1.0,1,0,0,0,0,0,1,0,0,0,0,0,1,0,0,0,0
174,21.0,0,0,0,0,0,1,0,0,0,0,0,1,0,0,0,0,0
175,56.0,0,1,0,1,0,1,0,0,0,0,0,1,0,0,0,0,0
176,18.0,0,0,0,0,0,0,1,0,0,0,0,0,1,0,0,0,0
177,29.69911764705882,0,0,0,0,0,0,1,0,0,0,0,0,0,0,1,0,0
178,50.0,1,1,0,1,0,1,0,0,0,0,0,1,0,0,0,0,0
179,30.0,0,0,0,0,1,1,0,0,0,0,0,1,0,0,0,0,0
180,36.0,0,0,0,0,0,1,0,0,0,0,0,1,0,0,0,0,0
181,29.69911764705882,1,0,0,0,0,0,0,1,0,0,0,0,0,0,0,0,0
182,29.69911764705882,0,1,0,0,1,1,0,0,0,0,0,1,0,0,0,0,0
183,9.0,0,0,0,0,0,0,0,1,0,0,0,0,0,0,0,1,0
184,1.0,0,0,0,0,1,0,1,0,0,0,0,0,0,1,0,0,0
185,4.0,1,0,0,0,0,0,0,1,0,0,0,1,0,0,0,0,0
186,29.69911764705882,0,0,0,1,0,1,0,0,0,0,0,1,0,0,0,0,0
187,29.69911764705882,1,0,1,0,0,1,0,0,0,0,0,0,1,0,0,0,0
188,45.0,0,0,0,1,0,1,0,0,0,0,0,1,0,0,0,0,0
189,40.0,0,0,1,0,0,0,1,0,0,0,0,0,1,0,0,0,0
190,36.0,0,0,0,0,0,1,0,0,0,0,0,1,0,0,0,0,0
191,32.0,1,0,0,0,1,1,0,0,0,0,0,1,0,0,0,0,0
192,19.0,0,0,0,0,1,1,0,0,0,0,0,1,0,0,0,0,0
193,19.0,1,0,0,0,0,1,0,0,0,0,0,0,1,0,0,0,0
194,3.0,0,0,0,0,1,0,1,0,0,0,0,0,1,0,0,0,0
195,44.0,1,1,0,1,0,1,0,0,0,0,0,1,0,0,0,0,0
196,58.0,1,1,0,1,0,1,0,0,0,0,0,1,0,0,0,0,0
197,29.69911764705882,0,0,1,0,0,1,0,0,0,0,0,1,0,0,0,0,0
198,42.0,0,0,0,0,0,0,1,0,0,0,0,1,0,0,0,0,0
199,29.69911764705882,1,0,1,0,0,1,0,0,0,0,0,1,0,0,0,0,0
200,24.0,1,0,0,0,1,1,0,0,0,0,0,1,0,0,0,0,0
201,28.0,0,0,0,0,0,1,0,0,0,0,0,1,0,0,0,0,0
202,29.69911764705882,0,0,0,0,0,0,0,1,0,0,0,0,0,0,0,0,0
203,34.0,0,0,0,0,0,1,0,0,0,0,0,1,0,0,0,0,0
204,45.5,0,1,0,0,0,1,0,0,0,0,0,1,0,0,0,0,0
205,18.0,0,0,0,0,0,1,0,0,0,0,0,1,0,0,0,0,0
206,2.0,1,0,0,0,0,0,1,0,0,0,0,1,0,0,0,0,0
207,32.0,0,0,0,0,0,1,0,0,0,0,0,0,1,0,0,0,0
208,26.0,0,1,0,0,0,1,0,0,0,0,0,1,0,0,0,0,0
209,16.0,1,0,1,0,0,1,0,0,0,0,0,1,0,0,0,0,0
210,40.0,0,1,0,1,0,1,0,0,0,0,0,1,0,0,0,0,0
211,24.0,0,0,0,0,0,1,0,0,0,0,0,1,0,0,0,0,0
212,35.0,1,0,0,0,1,1,0,0,0,0,0,1,0,0,0,0,0
213,22.0,0,0,0,0,0,1,0,0,0,0,0,1,0,0,0,0,0
214,30.0,0,0,0,0,1,1,0,0,0,0,0,1,0,0,0,0,0
215,29.69911764705882,0,0,1,0,0,1,0,0,0,0,0,0,1,0,0,0,0
216,31.0,1,1,0,1,0,1,0,0,0,0,0,0,1,0,0,0,0
217,27.0,1,0,0,0,0,1,0,0,0,0,0,1,0,0,0,0,0
218,42.0,0,0,0,0,1,1,0,0,0,0,0,0,1,0,0,0,0
219,32.0,1,1,0,1,0,1,0,0,0,0,0,1,0,0,0,0,0
220,30.0,0,0,0,0,1,1,0,0,0,0,0,1,0,0,0,0,0
221,16.0,0,0,0,0,0,1,0,0,0,0,0,1,0,0,0,0,0
222,27.0,0,0,0,0,1,1,0,0,0,0,0,1,0,0,0,0,0
223,51.0,0,0,0,0,0,1,0,0,0,0,0,1,0,0,0,0,0
224,29.69911764705882,0,0,0,0,0,1,0,0,0,0,0,1,0,0,0,0,0
225,38.0,0,0,0,1,0,1,0,0,0,0,0,0,1,0,0,0,0
226,22.0,0,0,0,0,0,1,0,0,0,0,0,1,0,0,0,0,0
227,19.0,0,0,0,0,1,1,0,0,0,0,0,1,0,0,0,0,0
228,20.5,0,0,0,0,0,1,0,0,0,0,0,1,0,0,0,0,0
229,18.0,0,0,0,0,1,1,0,0,0,0,0,1,0,0,0,0,0
230,29.69911764705882,1,0,0,0,0,0,1,0,0,0,0,0,0,0,1,0,0
231,35.0,1,0,0,1,0,1,0,0,0,0,0,0,1,0,0,0,0
232,29.0,0,0,0,0,0,1,0,0,0,0,0,1,0,0,0,0,0
233,59.0,0,0,0,0,1,1,0,0,0,0,0,1,0,0,0,0,0
234,5.0,1,0,0,0,0,0,0,1,0,0,0,0,0,0,0,1,0
235,24.0,0,0,0,0,1,1,0,0,0,0,0,1,0,0,0,0,0
236,29.69911764705882,1,0,0,0,0,1,0,0,0,0,0,1,0,0,0,0,0
237,44.0,0,0,0,0,1,1,0,0,0,0,0,0,1,0,0,0,0
238,8.0,1,0,0,0,1,0,0,1,0,0,0,1,0,0,0,0,0
239,19.0,0,0,0,0,1,1,0,0,0,0,0,1,0,0,0,0,0
240,33.0,0,0,0,0,1,1,0,0,0,0,0,1,0,0,0,0,0
241,29.69911764705882,1,1,0,0,0,1,0,0,0,0,0,0,1,0,0,0,0
242,29.69911764705882,1,0,1,0,0,1,0,0,0,0,0,0,1,0,0,0,0
243,29.0,0,0,0,0,1,1,0,0,0,0,0,1,0,0,0,0,0
244,22.0,0,0,0,0,0,1,0,0,0,0,0,1,0,0,0,0,0
245,30.0,0,1,0,0,0,1,0,0,0,0,0,1,0,0,0,0,0
246,44.0,0,0,1,1,0,1,0,0,0,0,0,0,0,1,0,0,0
247,25.0,1,0,0,0,0,1,0,0,0,0,0,1,0,0,0,0,0
248,24.0,1,0,0,0,1,0,0,1,0,0,0,1,0,0,0,0,0
249,37.0,0,0,0,1,0,0,1,0,0,0,0,0,1,0,0,0,0
250,54.0,0,0,0,0,1,1,0,0,0,0,0,0,1,0,0,0,0
251,29.69911764705882,0,0,0,0,0,1,0,0,0,0,0,1,0,0,0,0,0
252,29.0,1,0,0,0,0,0,1,0,0,0,0,0,1,0,0,0,0
253,62.0,0,0,0,1,0,1,0,0,0,0,0,1,0,0,0,0,0
254,30.0,0,0,0,0,0,1,0,0,0,0,0,0,1,0,0,0,0
255,41.0,1,0,0,0,0,0,0,1,0,0,0,1,0,0,0,0,0
256,29.0,1,1,0,0,0,0,0,1,0,0,0,1,0,0,0,0,0
257,29.69911764705882,1,1,0,1,0,1,0,0,0,0,0,1,0,0,0,0,0
258,30.0,1,0,0,1,0,1,0,0,0,0,0,1,0,0,0,0,0
259,35.0,1,1,0,1,0,1,0,0,0,0,0,1,0,0,0,0,0
260,50.0,1,0,0,0,1,0,1,0,0,0,0,1,0,0,0,0,0
261,29.69911764705882,0,0,1,0,0,1,0,0,0,0,0,1,0,0,0,0,0
262,3.0,0,0,0,0,0,0,0,1,0,0,0,0,0,0,0,1,0
263,52.0,0,0,0,1,0,0,1,0,0,0,0,0,1,0,0,0,0
264,40.0,0,0,0,1,0,1,0,0,0,0,0,1,0,0,0,0,0
265,29.69911764705882,1,0,1,0,0,1,0,0,0,0,0,1,0,0,0,0,0
266,36.0,0,0,0,0,1,1,0,0,0,0,0,1,0,0,0,0,0
267,16.0,0,0,0,0,0,0,1,0,0,0,0,0,0,0,0,1,0
268,25.0,0,0,0,0,0,1,0,0,0,0,0,0,1,0,0,0,0
269,58.0,1,0,0,1,0,0,1,0,0,0,0,1,0,0,0,0,0
270,35.0,1,0,0,1,0,1,0,0,0,0,0,1,0,0,0,0,0
271,29.69911764705882,0,0,0,1,0,1,0,0,0,0,0,1,0,0,0,0,0
272,25.0,0,0,0,0,0,1,0,0,0,0,0,1,0,0,0,0,0
273,41.0,1,0,0,0,1,0,1,0,0,0,0,1,0,0,0,0,0
274,37.0,0,1,0,1,0,0,1,0,0,0,0,1,0,0,0,0,0
275,29.69911764705882,1,0,1,0,0,1,0,0,0,0,0,1,0,0,0,0,0
276,63.0,1,0,0,1,0,1,0,0,0,0,0,0,1,0,0,0,0
277,45.0,1,0,0,0,0,1,0,0,0,0,0,1,0,0,0,0,0
278,29.69911764705882,0,0,0,0,1,1,0,0,0,0,0,1,0,0,0,0,0
279,7.0,0,0,1,0,0,0,1,0,0,0,0,0,0,0,0,1,0
280,35.0,1,0,0,0,0,0,1,0,0,0,0,0,1,0,0,0,0
281,65.0,0,0,1,0,0,1,0,0,0,0,0,1,0,0,0,0,0
282,28.0,0,0,0,0,0,1,0,0,0,0,0,1,0,0,0,0,0
283,16.0,0,0,0,0,0,1,0,0,0,0,0,1,0,0,0,0,0
284,19.0,0,0,0,0,0,1,0,0,0,0,0,1,0,0,0,0,0
285,29.69911764705882,0,0,0,1,0,1,0,0,0,0,0,1,0,0,0,0,0
286,33.0,0,1,0,0,0,1,0,0,0,0,0,1,0,0,0,0,0
287,30.0,0,0,0,0,0,1,0,0,0,0,0,1,0,0,0,0,0
288,22.0,0,0,0,0,0,1,0,0,0,0,0,1,0,0,0,0,0
289,42.0,0,0,0,0,1,1,0,0,0,0,0,1,0,0,0,0,0
290,22.0,1,0,1,0,0,1,0,0,0,0,0,1,0,0,0,0,0
291,26.0,1,0,0,1,0,1,0,0,0,0,0,1,0,0,0,0,0
292,19.0,1,1,0,1,0,1,0,0,0,0,0,0,1,0,0,0,0
293,36.0,0,1,0,0,1,1,0,0,0,0,0,1,0,0,0,0,0
294,24.0,1,0,0,0,0,1,0,0,0,0,0,1,0,0,0,0,0
295,24.0,0,0,0,0,0,1,0,0,0,0,0,1,0,0,0,0,0
296,29.69911764705882,0,1,0,1,0,1,0,0,0,0,0,1,0,0,0,0,0
297,23.5,0,1,0,0,0,1,0,0,0,0,0,1,0,0,0,0,0
298,2.0,1,0,0,1,0,0,0,1,0,0,0,0,1,0,0,0,0
299,29.69911764705882,0,0,0,1,0,1,0,0,0,0,0,1,0,0,0,0,0
300,50.0,1,1,0,1,0,0,1,0,0,0,0,1,0,0,0,0,0
301,29.69911764705882,1,0,1,0,0,1,0,0,0,0,0,1,0,0,0,0,0
302,29.69911764705882,0,0,1,0,0,1,0,0,0,0,0,0,0,1,0,0,0
303,19.0,0,0,0,0,0,1,0,0,0,0,0,1,0,0,0,0,0
304,29.69911764705882,1,0,1,0,1,1,0,0,0,0,0,1,0,0,0,0,0
305,29.69911764705882,0,0,0,0,0,1,0,0,0,0,0,1,0,0,0,0,0
306,0.92,0,0,0,1,0,0,0,1,0,0,0,0,1,0,0,0,0
307,29.69911764705882,1,1,0,1,0,1,0,0,0,0,0,1,0,0,0,0,0
308,17.0,1,1,0,1,0,1,0,0,0,0,0,0,1,0,0,0,0
309,30.0,0,1,0,0,1,1,0,0,0,0,0,0,1,0,0,0,0
310,30.0,1,1,0,1,0,1,0,0,0,0,0,1,0,0,0,0,0
311,24.0,1,1,0,1,0,1,0,0,0,0,0,1,0,0,0,0,0
312,18.0,1,1,0,1,0,0,0,1,0,0,0,0,0,1,0,0,0
313,26.0,1,0,0,0,1,0,1,0,0,0,0,0,1,0,0,0,0
314,28.0,0,0,0,0,0,1,0,0,0,0,0,1,0,0,0,0,0
315,43.0,0,0,0,0,1,0,1,0,0,0,0,0,1,0,0,0,0
316,26.0,1,0,0,0,0,1,0,0,0,0,0,1,0,0,0,0,0
317,24.0,1,0,0,0,1,1,0,0,0,0,0,0,1,0,0,0,0
318,54.0,0,0,0,0,1,1,0,0,0,0,0,1,0,0,0,0,0
319,31.0,1,0,0,1,0,0,0,1,0,0,0,1,0,0,0,0,0
320,40.0,1,1,0,1,0,0,1,0,0,0,0,0,1,0,0,0,0
321,22.0,0,0,0,0,0,1,0,0,0,0,0,1,0,0,0,0,0
322,27.0,0,0,0,0,0,1,0,0,0,0,0,1,0,0,0,0,0
323,30.0,1,0,1,0,1,1,0,0,0,0,0,1,0,0,0,0,0
324,22.0,1,0,0,0,1,0,1,0,0,0,0,0,1,0,0,0,0
325,29.69911764705882,0,0,0,0,0,0,0,1,0,0,0,0,0,0,0,0,0
326,36.0,1,1,0,1,0,1,0,0,0,0,0,1,0,0,0,0,0
327,61.0,0,0,0,0,0,1,0,0,0,0,0,1,0,0,0,0,0
328,36.0,1,0,0,0,1,1,0,0,0,0,0,1,0,0,0,0,0
329,31.0,1,0,0,0,0,0,1,0,0,0,0,0,1,0,0,0,0
330,16.0,1,1,0,1,0,0,1,0,0,0,0,1,0,0,0,0,0
331,29.69911764705882,1,0,1,0,0,1,0,0,0,0,0,0,0,1,0,0,0
332,45.5,0,0,0,1,0,1,0,0,0,0,0,1,0,0,0,0,0
333,38.0,0,0,0,1,0,0,1,0,0,0,0,1,0,0,0,0,0
334,16.0,0,0,0,0,0,1,0,0,0,0,0,0,0,1,0,0,0
335,29.69911764705882,1,0,0,1,0,1,0,0,0,0,0,0,1,0,0,0,0
336,29.69911764705882,0,0,0,0,0,1,0,0,0,0,0,1,0,0,0,0,0
337,29.0,0,0,0,1,0,1,0,0,0,0,0,0,1,0,0,0,0
338,41.0,1,1,0,1,0,1,0,0,0,0,0,1,0,0,0,0,0
339,45.0,0,0,0,0,0,1,0,0,0,0,0,1,0,0,0,0,0
340,45.0,0,0,0,1,0,1,0,0,0,0,0,1,0,0,0,0,0
341,2.0,0,0,0,0,1,0,1,0,0,0,0,0,1,0,0,0,0
342,24.0,1,0,0,1,0,0,0,1,0,0,0,0,0,0,1,0,0
343,28.0,0,0,0,0,1,1,0,0,0,0,0,1,0,0,0,0,0
344,25.0,0,0,0,0,1,1,0,0,0,0,0,1,0,0,0,0,0
345,36.0,0,0,0,0,1,1,0,0,0,0,0,1,0,0,0,0,0
346,24.0,1,0,0,0,1,1,0,0,0,0,0,1,0,0,0,0,0
347,40.0,1,0,0,0,1,1,0,0,0,0,0,1,0,0,0,0,0
348,29.69911764705882,1,0,0,0,0,1,0,0,0,0,0,0,1,0,0,0,0
349,3.0,0,0,0,0,0,0,1,0,0,0,0,0,1,0,0,0,0
350,42.0,0,0,0,0,0,1,0,0,0,0,0,1,0,0,0,0,0
351,23.0,0,0,0,0,0,1,0,0,0,0,0,1,0,0,0,0,0
352,29.69911764705882,0,0,0,1,0,1,0,0,0,0,0,1,0,0,0,0,0
353,15.0,0,1,0,0,0,0,1,0,0,0,0,0,1,0,0,0,0
354,25.0,0,0,0,0,0,1,0,0,0,0,0,0,1,0,0,0,0
355,29.69911764705882,0,1,0,0,0,1,0,0,0,0,0,1,0,0,0,0,0
356,28.0,0,0,0,0,0,1,0,0,0,0,0,1,0,0,0,0,0
357,22.0,1,0,0,1,0,0,1,0,0,0,0,1,0,0,0,0,0
358,38.0,1,0,0,0,1,1,0,0,0,0,0,1,0,0,0,0,0
359,29.69911764705882,1,0,1,0,0,1,0,0,0,0,0,1,0,0,0,0,0
360,29.69911764705882,1,0,1,0,0,1,0,0,0,0,0,1,0,0,0,0,0
361,40.0,0,0,0,0,0,0,0,0,0,1,0,0,1,0,0,0,0
362,29.0,0,1,0,0,1,1,0,0,0,0,0,0,1,0,0,0,0
363,45.0,1,1,0,0,0,0,1,0,0,0,0,1,0,0,0,0,0
364,35.0,0,0,0,0,0,1,0,0,0,0,0,1,0,0,0,0,0
365,29.69911764705882,0,0,1,0,0,1,0,0,0,0,0,0,1,0,0,0,0
366,30.0,0,0,0,0,0,1,0,0,0,0,0,1,0,0,0,0,0
367,60.0,1,1,0,1,0,1,0,0,0,0,0,0,1,0,0,0,0
368,29.69911764705882,1,1,0,0,0,1,0,0,0,0,0,1,0,0,0,0,0
369,29.69911764705882,1,0,1,0,0,1,0,0,0,0,0,1,0,0,0,0,0
370,24.0,1,1,0,1,0,1,0,0,0,0,0,1,0,0,0,0,0
371,25.0,0,1,0,1,0,1,0,0,0,0,0,0,1,0,0,0,0
372,18.0,0,0,0,0,0,1,0,0,0,0,0,0,1,0,0,0,0
373,19.0,0,0,0,0,0,1,0,0,0,0,0,1,0,0,0,0,0
374,22.0,0,1,0,1,0,1,0,0,0,0,0,1,0,0,0,0,0
375,3.0,1,0,0,0,0,0,1,0,0,0,0,0,0,0,1,0,0
376,29.69911764705882,1,1,0,1,0,1,0,0,0,0,0,0,1,0,0,0,0
377,22.0,1,0,0,0,0,1,0,0,0,0,0,1,0,0,0,0,0
378,27.0,0,1,0,1,0,0,0,1,0,0,0,1,0,0,0,0,0
379,20.0,0,1,0,0,0,1,0,0,0,0,0,1,0,0,0,0,0
380,19.0,0,0,0,0,0,1,0,0,0,0,0,1,0,0,0,0,0
381,42.0,1,1,0,1,0,1,0,0,0,0,0,1,0,0,0,0,0
382,1.0,1,1,0,0,0,0,0,1,0,0,0,1,0,0,0,0,0
383,32.0,0,0,0,0,0,1,0,0,0,0,0,1,0,0,0,0,0
384,35.0,1,0,0,1,0,1,0,0,0,0,0,0,1,0,0,0,0
385,29.69911764705882,0,0,0,0,0,1,0,0,0,0,0,1,0,0,0,0,0
386,18.0,0,0,0,0,1,1,0,0,0,0,0,1,0,0,0,0,0
387,1.0,0,0,0,0,0,0,0,1,0,0,0,0,0,0,0,0,1
388,36.0,1,0,0,0,1,1,0,0,0,0,0,1,0,0,0,0,0
389,29.69911764705882,0,0,1,0,0,1,0,0,0,0,0,1,0,0,0,0,0
390,17.0,1,1,0,0,1,1,0,0,0,0,0,1,0,0,0,0,0
391,36.0,0,0,0,1,0,0,0,1,0,0,0,0,1,0,0,0,0
392,21.0,0,0,0,0,0,1,0,0,0,0,0,1,0,0,0,0,0
393,28.0,0,0,0,0,0,1,0,0,0,0,0,0,0,1,0,0,0
394,23.0,1,1,0,1,0,1,0,0,0,0,0,0,1,0,0,0,0
395,24.0,1,0,0,0,0,0,0,1,0,0,0,1,0,0,0,0,0
396,22.0,0,0,0,0,0,1,0,0,0,0,0,1,0,0,0,0,0
397,31.0,1,0,0,0,0,1,0,0,0,0,0,1,0,0,0,0,0
398,46.0,0,0,0,0,1,1,0,0,0,0,0,1,0,0,0,0,0
399,23.0,0,0,0,0,1,1,0,0,0,0,0,1,0,0,0,0,0
400,28.0,1,0,0,0,1,1,0,0,0,0,0,1,0,0,0,0,0
401,39.0,0,0,0,0,0,1,0,0,0,0,0,1,0,0,0,0,0
402,26.0,0,0,0,0,0,1,0,0,0,0,0,1,0,0,0,0,0
403,21.0,1,0,0,0,0,1,0,0,0,0,0,0,1,0,0,0,0
404,28.0,0,0,0,0,0,1,0,0,0,0,0,0,1,0,0,0,0
405,20.0,1,0,0,0,0,1,0,0,0,0,0,1,0,0,0,0,0
406,34.0,0,0,0,0,1,1,0,0,0,0,0,0,1,0,0,0,0
407,51.0,0,0,0,0,0,1,0,0,0,0,0,1,0,0,0,0,0
408,3.0,0,0,0,0,1,0,1,0,0,0,0,0,1,0,0,0,0
409,21.0,0,0,0,0,0,1,0,0,0,0,0,1,0,0,0,0,0
410,29.69911764705882,1,0,0,0,0,0,1,0,0,0,0,0,0,0,1,0,0
411,29.69911764705882,0,0,0,0,0,1,0,0,0,0,0,1,0,0,0,0,0
412,29.69911764705882,0,0,1,0,0,1,0,0,0,0,0,1,0,0,0,0,0
413,33.0,1,0,1,1,0,1,0,0,0,0,0,0,1,0,0,0,0
414,29.69911764705882,0,0,0,0,1,1,0,0,0,0,0,1,0,0,0,0,0
415,44.0,0,0,0,0,0,1,0,0,0,0,0,1,0,0,0,0,0
416,29.69911764705882,1,0,0,0,0,1,0,0,0,0,0,1,0,0,0,0,0
417,34.0,1,0,0,0,1,0,1,0,0,0,0,0,1,0,0,0,0
418,18.0,1,0,0,0,1,0,0,1,0,0,0,1,0,0,0,0,0
419,30.0,0,0,0,0,1,1,0,0,0,0,0,1,0,0,0,0,0
420,10.0,1,0,0,0,0,0,0,1,0,0,0,1,0,0,0,0,0
421,29.69911764705882,0,1,0,0,0,1,0,0,0,0,0,1,0,0,0,0,0
422,21.0,0,0,1,0,0,1,0,0,0,0,0,1,0,0,0,0,0
423,29.0,0,0,0,0,0,1,0,0,0,0,0,1,0,0,0,0,0
424,28.0,1,0,0,0,0,0,1,0,0,0,0,0,1,0,0,0,0
425,18.0,0,0,0,0,0,0,1,0,0,0,0,0,1,0,0,0,0
426,29.69911764705882,0,0,0,0,0,1,0,0,0,0,0,1,0,0,0,0,0
427,28.0,1,0,0,0,1,1,0,0,0,0,0,0,1,0,0,0,0
428,19.0,1,0,0,0,1,1,0,0,0,0,0,1,0,0,0,0,0
429,29.69911764705882,0,0,1,0,0,1,0,0,0,0,0,1,0,0,0,0,0
430,32.0,0,0,0,0,0,1,0,0,0,0,0,1,0,0,0,0,0
431,28.0,0,0,0,1,0,1,0,0,0,0,0,1,0,0,0,0,0
432,29.69911764705882,1,0,0,0,0,1,0,0,0,0,0,0,1,0,0,0,0
433,42.0,1,0,0,0,1,1,0,0,0,0,0,0,1,0,0,0,0
434,17.0,0,0,0,0,0,1,0,0,0,0,0,1,0,0,0,0,0
435,50.0,0,0,0,1,0,1,0,0,0,0,0,0,1,0,0,0,0
436,14.0,1,0,0,1,0,0,0,1,0,0,0,0,1,0,0,0,0
437,21.0,1,0,0,0,0,0,0,1,0,0,0,0,0,1,0,0,0
438,24.0,1,0,0,0,1,0,0,0,1,0,0,0,0,1,0,0,0
439,64.0,0,0,0,1,0,0,0,0,0,1,0,0,1,0,0,0,0
440,31.0,0,0,0,0,1,1,0,0,0,0,0,1,0,0,0,0,0
441,45.0,1,0,0,0,1,0,1,0,0,0,0,0,1,0,0,0,0
442,20.0,0,0,0,0,0,1,0,0,0,0,0,1,0,0,0,0,0
443,25.0,0,0,0,0,0,1,0,0,0,0,0,0,1,0,0,0,0
444,28.0,1,0,0,0,1,1,0,0,0,0,0,1,0,0,0,0,0
445,29.69911764705882,0,0,0,0,0,1,0,0,0,0,0,1,0,0,0,0,0
446,4.0,0,0,0,1,0,0,0,1,0,0,0,1,0,0,0,0,0
447,13.0,1,0,0,0,1,0,1,0,0,0,0,1,0,0,0,0,0
448,34.0,0,0,0,1,0,1,0,0,0,0,0,1,0,0,0,0,0
449,5.0,1,1,0,0,0,0,1,0,0,0,0,0,0,1,0,0,0
450,52.0,0,0,0,1,0,1,0,0,0,0,0,1,0,0,0,0,0
451,36.0,0,0,0,0,1,0,0,1,0,0,0,0,1,0,0,0,0
452,29.69911764705882,0,0,0,0,0,1,0,0,0,0,0,0,1,0,0,0,0
453,30.0,0,1,0,1,0,1,0,0,0,0,0,1,0,0,0,0,0
454,49.0,0,1,0,1,0,1,0,0,0,0,0,0,1,0,0,0,0
455,29.69911764705882,0,0,0,0,0,1,0,0,0,0,0,1,0,0,0,0,0
456,29.0,0,1,0,0,0,1,0,0,0,0,0,1,0,0,0,0,0
457,65.0,0,0,0,1,0,1,0,0,0,0,0,1,0,0,0,0,0
458,29.69911764705882,1,0,0,1,0,1,0,0,0,0,0,0,1,0,0,0,0
459,50.0,1,0,0,0,1,1,0,0,0,0,0,1,0,0,0,0,0
460,29.69911764705882,0,0,1,0,0,1,0,0,0,0,0,1,0,0,0,0,0
461,48.0,0,0,0,1,0,1,0,0,0,0,0,1,0,0,0,0,0
462,34.0,0,0,0,0,0,1,0,0,0,0,0,1,0,0,0,0,0
463,47.0,0,0,0,1,0,1,0,0,0,0,0,1,0,0,0,0,0
464,48.0,0,0,0,0,1,1,0,0,0,0,0,1,0,0,0,0,0
465,29.69911764705882,0,0,0,0,0,1,0,0,0,0,0,1,0,0,0,0,0
466,38.0,0,0,0,0,0,1,0,0,0,0,0,1,0,0,0,0,0
467,29.69911764705882,0,0,0,0,1,1,0,0,0,0,0,1,0,0,0,0,0
468,56.0,0,0,0,1,0,1,0,0,0,0,0,1,0,0,0,0,0
469,29.69911764705882,0,0,1,0,0,1,0,0,0,0,0,1,0,0,0,0,0
470,0.75,1,1,0,0,0,0,1,0,0,0,0,0,0,1,0,0,0
471,29.69911764705882,0,0,0,0,0,1,0,0,0,0,0,1,0,0,0,0,0
472,38.0,0,0,0,0,0,1,0,0,0,0,0,1,0,0,0,0,0
473,33.0,1,0,0,0,1,0,0,1,0,0,0,0,1,0,0,0,0
474,23.0,1,1,0,0,1,1,0,0,0,0,0,1,0,0,0,0,0
475,22.0,1,0,0,0,0,1,0,0,0,0,0,1,0,0,0,0,0
476,29.69911764705882,0,0,0,1,0,1,0,0,0,0,0,1,0,0,0,0,0
477,34.0,0,0,0,0,1,1,0,0,0,0,0,0,1,0,0,0,0
478,29.0,0,0,0,0,0,1,0,0,0,0,0,0,1,0,0,0,0
479,22.0,0,0,0,0,0,1,0,0,0,0,0,1,0,0,0,0,0
480,2.0,1,0,0,0,0,0,1,0,0,0,0,1,0,0,0,0,0
481,9.0,0,0,0,0,0,0,0,1,0,0,0,0,0,0,0,0,1
482,29.69911764705882,0,0,0,0,1,1,0,0,0,0,0,1,0,0,0,0,0
483,50.0,0,0,0,0,0,1,0,0,0,0,0,1,0,0,0,0,0
484,63.0,1,0,0,0,0,1,0,0,0,0,0,1,0,0,0,0,0
485,25.0,0,1,0,1,0,1,0,0,0,0,0,0,1,0,0,0,0
486,29.69911764705882,1,0,0,0,0,0,1,0,0,0,0,0,0,0,1,0,0
487,35.0,1,0,0,1,0,1,0,0,0,0,0,0,1,0,0,0,0
488,58.0,0,1,0,1,0,1,0,0,0,0,0,1,0,0,0,0,0
489,30.0,0,0,0,0,0,1,0,0,0,0,0,1,0,0,0,0,0
490,9.0,0,0,0,0,0,0,1,0,0,0,0,0,1,0,0,0,0
491,29.69911764705882,0,0,0,0,0,1,0,0,0,0,0,0,1,0,0,0,0
492,21.0,0,0,0,0,0,1,0,0,0,0,0,1,0,0,0,0,0
493,55.0,0,0,0,1,0,1,0,0,0,0,0,1,0,0,0,0,0
494,71.0,0,1,0,1,0,1,0,0,0,0,0,1,0,0,0,0,0
495,21.0,0,0,0,0,0,1,0,0,0,0,0,1,0,0,0,0,0
496,29.69911764705882,0,1,0,0,0,1,0,0,0,0,0,1,0,0,0,0,0
497,54.0,1,1,0,1,0,1,0,0,0,0,0,0,1,0,0,0,0
498,29.69911764705882,0,0,0,0,0,1,0,0,0,0,0,1,0,0,0,0,0
499,25.0,1,0,0,1,0,0,0,1,0,0,0,0,1,0,0,0,0
500,24.0,0,0,0,0,0,1,0,0,0,0,0,1,0,0,0,0,0
501,17.0,0,0,0,0,0,1,0,0,0,0,0,1,0,0,0,0,0
502,21.0,1,0,1,0,0,1,0,0,0,0,0,1,0,0,0,0,0
503,29.69911764705882,1,0,1,0,0,1,0,0,0,0,0,1,0,0,0,0,0
504,37.0,1,0,0,0,0,1,0,0,0,0,0,1,0,0,0,0,0
505,16.0,1,0,0,1,0,1,0,0,0,0,0,1,0,0,0,0,0
506,18.0,0,1,0,1,0,1,0,0,0,0,0,0,1,0,0,0,0
507,33.0,1,0,0,0,1,0,0,1,0,0,0,1,0,0,0,0,0
508,29.69911764705882,0,0,0,1,0,1,0,0,0,0,0,1,0,0,0,0,0
509,28.0,0,0,0,0,0,1,0,0,0,0,0,1,0,0,0,0,0
510,26.0,0,0,0,0,0,1,0,0,0,0,0,1,0,0,0,0,0
511,29.0,0,0,1,0,0,1,0,0,0,0,0,1,0,0,0,0,0
512,29.69911764705882,0,0,0,0,0,1,0,0,0,0,0,1,0,0,0,0,0
513,36.0,0,0,0,1,0,1,0,0,0,0,0,1,0,0,0,0,0
514,54.0,1,1,0,1,0,1,0,0,0,0,0,0,1,0,0,0,0
515,24.0,0,0,0,0,0,1,0,0,0,0,0,1,0,0,0,0,0
516,47.0,0,0,0,1,0,1,0,0,0,0,0,1,0,0,0,0,0
517,34.0,1,0,0,0,1,1,0,0,0,0,0,1,0,0,0,0,0
518,29.69911764705882,0,0,1,0,0,1,0,0,0,0,0,1,0,0,0,0,0
519,36.0,1,0,0,0,1,1,0,0,0,0,0,0,1,0,0,0,0
520,32.0,0,0,0,0,0,1,0,0,0,0,0,1,0,0,0,0,0
521,30.0,1,0,0,1,0,1,0,0,0,0,0,1,0,0,0,0,0
522,22.0,0,0,0,0,0,1,0,0,0,0,0,1,0,0,0,0,0
523,29.69911764705882,0,1,0,0,0,1,0,0,0,0,0,1,0,0,0,0,0
524,44.0,1,1,0,1,0,0,1,0,0,0,0,1,0,0,0,0,0
525,29.69911764705882,0,1,0,0,0,1,0,0,0,0,0,1,0,0,0,0,0
526,40.5,0,0,1,0,0,1,0,0,0,0,0,1,0,0,0,0,0
527,50.0,1,0,0,0,1,1,0,0,0,0,0,1,0,0,0,0,0
528,29.69911764705882,0,0,0,1,0,1,0,0,0,0,0,1,0,0,0,0,0
529,39.0,0,0,0,0,0,1,0,0,0,0,0,1,0,0,0,0,0
530,23.0,0,0,0,0,1,0,1,0,0,0,0,0,0,1,0,0,0
531,2.0,1,0,0,0,1,0,1,0,0,0,0,0,1,0,0,0,0
532,29.69911764705882,0,1,0,0,0,1,0,0,0,0,0,1,0,0,0,0,0
533,17.0,0,1,0,0,0,0,1,0,0,0,0,0,1,0,0,0,0
534,29.69911764705882,1,1,0,0,0,0,0,1,0,0,0,1,0,0,0,0,0
535,30.0,1,0,0,0,0,1,0,0,0,0,0,1,0,0,0,0,0
536,7.0,1,0,0,0,1,0,0,1,0,0,0,1,0,0,0,0,0
537,45.0,0,0,0,1,0,1,0,0,0,0,0,1,0,0,0,0,0
538,30.0,1,1,0,1,0,1,0,0,0,0,0,1,0,0,0,0,0
539,29.69911764705882,0,0,0,0,0,1,0,0,0,0,0,1,0,0,0,0,0
540,22.0,1,1,0,1,0,0,0,1,0,0,0,1,0,0,0,0,0
541,36.0,1,0,0,1,0,0,0,1,0,0,0,1,0,0,0,0,0
542,9.0,1,0,0,0,0,0,0,1,0,0,0,0,0,0,0,1,0
543,11.0,1,0,0,0,0,0,0,1,0,0,0,0,0,0,0,1,0
544,32.0,0,0,0,0,1,1,0,0,0,0,0,0,1,0,0,0,0
545,50.0,0,1,0,1,0,1,0,0,0,0,0,0,1,0,0,0,0
546,64.0,0,0,0,1,0,1,0,0,0,0,0,1,0,0,0,0,0
547,19.0,1,0,0,0,1,1,0,0,0,0,0,0,1,0,0,0,0
548,29.69911764705882,0,1,0,0,1,1,0,0,0,0,0,1,0,0,0,0,0
549,33.0,0,0,0,0,0,0,1,0,0,0,0,0,1,0,0,0,0
550,8.0,0,0,0,0,1,0,1,0,0,0,0,0,1,0,0,0,0
551,17.0,0,1,0,1,0,0,0,1,0,0,0,1,0,0,0,0,0
552,27.0,0,0,0,0,1,1,0,0,0,0,0,1,0,0,0,0,0
553,29.69911764705882,0,0,1,0,0,1,0,0,0,0,0,1,0,0,0,0,0
554,22.0,0,1,0,0,0,1,0,0,0,0,0,1,0,0,0,0,0
555,22.0,1,0,0,0,0,1,0,0,0,0,0,1,0,0,0,0,0
556,62.0,0,0,0,1,0,1,0,0,0,0,0,1,0,0,0,0,0
557,48.0,1,1,0,1,0,1,0,0,0,0,0,0,1,0,0,0,0
558,29.69911764705882,0,1,0,1,0,1,0,0,0,0,0,1,0,0,0,0,0
559,39.0,1,0,0,1,0,0,1,0,0,0,0,0,1,0,0,0,0
560,36.0,1,0,0,0,0,1,0,0,0,0,0,0,1,0,0,0,0
561,29.69911764705882,0,0,1,0,0,1,0,0,0,0,0,1,0,0,0,0,0
562,40.0,0,0,0,0,0,1,0,0,0,0,0,1,0,0,0,0,0
563,28.0,0,0,0,0,1,1,0,0,0,0,0,1,0,0,0,0,0
564,29.69911764705882,0,0,0,0,0,1,0,0,0,0,0,1,0,0,0,0,0
565,29.69911764705882,1,0,0,0,0,1,0,0,0,0,0,1,0,0,0,0,0
566,24.0,0,0,0,0,0,1,0,0,0,0,0,0,0,1,0,0,0
567,19.0,0,0,0,0,0,1,0,0,0,0,0,1,0,0,0,0,0
568,29.0,1,0,0,0,0,0,0,0,0,1,0,1,0,0,0,0,0
569,29.69911764705882,0,1,0,0,0,1,0,0,0,0,0,1,0,0,0,0,0
570,32.0,0,0,0,0,0,1,0,0,0,0,0,1,0,0,0,0,0
571,62.0,0,0,0,0,1,1,0,0,0,0,0,1,0,0,0,0,0
572,53.0,1,0,0,1,0,1,0,0,0,0,0,0,0,1,0,0,0
573,36.0,0,0,0,1,0,1,0,0,0,0,0,1,0,0,0,0,0
574,29.69911764705882,1,0,1,0,0,1,0,0,0,0,0,1,0,0,0,0,0
575,16.0,0,0,0,0,0,1,0,0,0,0,0,1,0,0,0,0,0
576,19.0,0,0,0,0,0,1,0,0,0,0,0,1,0,0,0,0,0
577,34.0,1,0,0,0,1,1,0,0,0,0,0,1,0,0,0,0,0
578,39.0,1,0,0,1,0,1,0,0,0,0,0,0,1,0,0,0,0
579,29.69911764705882,1,1,0,0,0,1,0,0,0,0,0,0,1,0,0,0,0
580,32.0,0,0,0,0,0,1,0,0,0,0,0,1,0,0,0,0,0
581,25.0,1,0,0,0,1,0,1,0,0,0,0,0,1,0,0,0,0
582,39.0,1,1,0,1,0,0,1,0,0,0,0,0,1,0,0,0,0
583,54.0,0,0,0,0,1,1,0,0,0,0,0,1,0,0,0,0,0
584,36.0,0,1,0,1,0,1,0,0,0,0,0,1,0,0,0,0,0
585,29.69911764705882,0,1,0,0,0,1,0,0,0,0,0,1,0,0,0,0,0
586,18.0,1,0,0,1,0,0,0,1,0,0,0,1,0,0,0,0,0
587,47.0,0,0,0,0,1,1,0,0,0,0,0,1,0,0,0,0,0
588,60.0,0,1,0,1,0,0,1,0,0,0,0,0,1,0,0,0,0
589,22.0,0,0,0,0,0,1,0,0,0,0,0,1,0,0,0,0,0
590,29.69911764705882,0,0,0,0,0,1,0,0,0,0,0,1,0,0,0,0,0
591,35.0,0,0,0,0,0,1,0,0,0,0,0,1,0,0,0,0,0
592,52.0,1,1,0,1,0,1,0,0,0,0,0,0,1,0,0,0,0
593,47.0,0,0,0,0,0,1,0,0,0,0,0,1,0,0,0,0,0
594,29.69911764705882,1,0,1,0,0,0,0,1,0,0,0,1,0,0,0,0,0
595,37.0,0,0,0,0,1,1,0,0,0,0,0,0,1,0,0,0,0
596,36.0,0,0,0,0,0,0,1,0,0,0,0,0,1,0,0,0,0
597,29.69911764705882,1,0,0,0,1,1,0,0,0,0,0,1,0,0,0,0,0
598,49.0,0,0,0,0,0,1,0,0,0,0,0,1,0,0,0,0,0
599,29.69911764705882,0,1,0,0,0,1,0,0,0,0,0,1,0,0,0,0,0
600,49.0,0,1,0,1,0,1,0,0,0,0,0,0,1,0,0,0,0
601,24.0,1,0,0,0,1,0,1,0,0,0,0,0,0,1,0,0,0
602,29.69911764705882,0,0,0,0,0,1,0,0,0,0,0,1,0,0,0,0,0
603,29.69911764705882,0,0,0,1,0,1,0,0,0,0,0,1,0,0,0,0,0
604,44.0,0,0,0,0,0,1,0,0,0,0,0,1,0,0,0,0,0
605,35.0,0,1,0,1,0,1,0,0,0,0,0,1,0,0,0,0,0
606,36.0,0,0,0,0,0,1,0,0,0,0,0,0,1,0,0,0,0
607,30.0,0,0,0,0,0,1,0,0,0,0,0,1,0,0,0,0,0
608,27.0,0,0,0,1,0,1,0,0,0,0,0,1,0,0,0,0,0
609,22.0,1,1,0,0,1,0,0,1,0,0,0,0,1,0,0,0,0
610,40.0,1,0,0,1,0,1,0,0,0,0,0,1,0,0,0,0,0
611,39.0,1,0,0,0,0,0,0,0,0,0,1,0,1,0,0,0,0
612,29.69911764705882,0,0,0,0,0,1,0,0,0,0,0,1,0,0,0,0,0
613,29.69911764705882,1,0,1,0,0,1,0,0,0,0,0,0,1,0,0,0,0
614,29.69911764705882,0,0,1,0,0,1,0,0,0,0,0,1,0,0,0,0,0
615,35.0,0,0,0,0,0,1,0,0,0,0,0,1,0,0,0,0,0
616,24.0,1,0,0,0,1,0,0,1,0,0,0,0,1,0,0,0,0
617,34.0,0,0,0,0,0,0,1,0,0,0,0,0,1,0,0,0,0
618,26.0,1,0,0,0,0,1,0,0,0,0,0,0,1,0,0,0,0
619,4.0,1,0,0,0,1,0,1,0,0,0,0,0,0,1,0,0,0
620,26.0,0,0,0,0,1,1,0,0,0,0,0,1,0,0,0,0,0
621,27.0,0,1,0,0,0,1,0,0,0,0,0,0,1,0,0,0,0
622,42.0,0,0,0,1,0,1,0,0,0,0,0,0,1,0,0,0,0
623,20.0,0,1,0,0,0,0,1,0,0,0,0,0,1,0,0,0,0
624,21.0,0,0,0,0,0,1,0,0,0,0,0,1,0,0,0,0,0
625,21.0,0,0,0,0,0,1,0,0,0,0,0,1,0,0,0,0,0
626,61.0,0,0,0,1,0,1,0,0,0,0,0,1,0,0,0,0,0
627,57.0,0,0,1,0,1,1,0,0,0,0,0,1,0,0,0,0,0
628,21.0,1,0,0,1,0,1,0,0,0,0,0,1,0,0,0,0,0
629,26.0,0,0,0,0,0,1,0,0,0,0,0,1,0,0,0,0,0
630,29.69911764705882,0,0,1,0,0,1,0,0,0,0,0,1,0,0,0,0,0
631,80.0,0,0,0,1,0,1,0,0,0,0,0,1,0,0,0,0,0
632,51.0,0,0,0,0,0,1,0,0,0,0,0,1,0,0,0,0,0
633,32.0,0,1,0,1,0,1,0,0,0,0,0,1,0,0,0,0,0
634,29.69911764705882,0,0,0,1,0,1,0,0,0,0,0,1,0,0,0,0,0
635,9.0,1,0,0,0,0,0,0,1,0,0,0,0,0,0,1,0,0
636,28.0,1,0,0,0,1,1,0,0,0,0,0,1,0,0,0,0,0
637,32.0,0,0,0,0,0,1,0,0,0,0,0,1,0,0,0,0,0
638,31.0,0,0,0,0,1,0,1,0,0,0,0,0,1,0,0,0,0
639,41.0,1,0,0,0,0,0,0,0,0,0,1,1,0,0,0,0,0
640,29.69911764705882,0,0,0,0,0,1,0,0,0,0,0,0,1,0,0,0,0
641,20.0,0,0,0,0,0,1,0,0,0,0,0,1,0,0,0,0,0
642,24.0,1,1,0,1,0,1,0,0,0,0,0,1,0,0,0,0,0
643,2.0,1,0,0,0,0,0,0,1,0,0,0,0,0,0,1,0,0
644,29.69911764705882,0,0,0,0,0,1,0,0,0,0,0,1,0,0,0,0,0
645,0.75,1,1,0,0,0,0,1,0,0,0,0,0,0,1,0,0,0
646,48.0,0,1,0,1,0,1,0,0,0,0,0,0,1,0,0,0,0
647,19.0,0,0,0,0,0,1,0,0,0,0,0,1,0,0,0,0,0
648,56.0,0,1,0,1,0,1,0,0,0,0,0,1,0,0,0,0,0
649,29.69911764705882,0,0,0,0,0,1,0,0,0,0,0,1,0,0,0,0,0
650,23.0,1,0,0,0,0,1,0,0,0,0,0,1,0,0,0,0,0
651,29.69911764705882,0,0,0,0,0,1,0,0,0,0,0,1,0,0,0,0,0
652,18.0,1,0,0,0,1,0,1,0,0,0,0,1,0,0,0,0,0
653,21.0,0,0,0,0,0,1,0,0,0,0,0,1,0,0,0,0,0
654,29.69911764705882,1,0,1,0,0,1,0,0,0,0,0,1,0,0,0,0,0
655,18.0,1,0,1,0,0,1,0,0,0,0,0,1,0,0,0,0,0
656,24.0,0,0,0,0,1,1,0,0,0,0,0,0,0,1,0,0,0
657,29.69911764705882,0,0,0,0,0,1,0,0,0,0,0,1,0,0,0,0,0
658,32.0,1,0,1,0,0,0,1,0,0,0,0,0,1,0,0,0,0
659,23.0,0,0,0,0,1,1,0,0,0,0,0,1,0,0,0,0,0
660,58.0,0,1,0,1,0,0,0,1,0,0,0,1,0,0,0,0,0
661,50.0,0,0,0,1,0,1,0,0,0,0,0,0,0,1,0,0,0
662,40.0,0,1,0,0,0,1,0,0,0,0,0,1,0,0,0,0,0
663,47.0,0,0,0,1,0,1,0,0,0,0,0,1,0,0,0,0,0
664,36.0,0,0,0,0,0,1,0,0,0,0,0,1,0,0,0,0,0
665,20.0,0,0,0,0,0,1,0,0,0,0,0,0,1,0,0,0,0
666,32.0,0,0,0,0,1,1,0,0,0,0,0,0,0,1,0,0,0
667,25.0,0,0,0,0,1,1,0,0,0,0,0,1,0,0,0,0,0
668,29.69911764705882,0,0,0,0,0,1,0,0,0,0,0,1,0,0,0,0,0
669,43.0,0,0,0,0,0,1,0,0,0,0,0,1,0,0,0,0,0
670,29.69911764705882,1,0,0,1,0,1,0,0,0,0,0,0,1,0,0,0,0
671,40.0,1,0,0,0,1,0,1,0,0,0,0,0,1,0,0,0,0
672,31.0,0,0,0,1,0,1,0,0,0,0,0,0,1,0,0,0,0
673,70.0,0,0,0,0,1,1,0,0,0,0,0,1,0,0,0,0,0
674,31.0,0,0,0,0,1,1,0,0,0,0,0,1,0,0,0,0,0
675,29.69911764705882,0,0,0,0,1,1,0,0,0,0,0,1,0,0,0,0,0
676,18.0,0,0,0,0,0,1,0,0,0,0,0,1,0,0,0,0,0
677,24.5,0,0,0,0,0,1,0,0,0,0,0,1,0,0,0,0,0
678,18.0,1,0,0,0,0,1,0,0,0,0,0,1,0,0,0,0,0
679,43.0,1,0,0,0,0,0,0,0,0,0,0,0,1,0,0,0,0
680,36.0,0,1,0,1,0,0,1,0,0,0,0,1,0,0,0,0,0
681,29.69911764705882,1,0,1,0,0,1,0,0,0,0,0,1,0,0,0,0,0
682,27.0,0,1,0,1,0,1,0,0,0,0,0,1,0,0,0,0,0
683,20.0,0,0,0,0,0,1,0,0,0,0,0,1,0,0,0,0,0
684,14.0,0,0,0,0,0,0,0,1,0,0,0,0,0,0,0,0,1
685,60.0,0,0,0,0,1,0,1,0,0,0,0,0,1,0,0,0,0
686,25.0,0,1,0,0,1,0,0,1,0,0,0,0,1,0,0,0,0
687,14.0,0,0,0,0,0,0,1,0,0,0,0,0,0,0,0,1,0
688,19.0,0,0,0,0,0,1,0,0,0,0,0,1,0,0,0,0,0
689,18.0,0,0,0,0,0,1,0,0,0,0,0,1,0,0,0,0,0
690,15.0,1,0,0,1,0,0,1,0,0,0,0,1,0,0,0,0,0
691,31.0,0,0,0,1,0,1,0,0,0,0,0,0,1,0,0,0,0
692,4.0,1,1,0,0,0,0,1,0,0,0,0,1,0,0,0,0,0
693,29.69911764705882,0,0,0,0,0,1,0,0,0,0,0,1,0,0,0,0,0
694,25.0,0,1,0,0,0,1,0,0,0,0,0,1,0,0,0,0,0
695,60.0,0,0,0,1,0,1,0,0,0,0,0,1,0,0,0,0,0
696,52.0,0,0,0,0,1,1,0,0,0,0,0,1,0,0,0,0,0
697,44.0,0,0,0,0,0,1,0,0,0,0,0,1,0,0,0,0,0
698,29.69911764705882,1,0,1,0,0,1,0,0,0,0,0,1,0,0,0,0,0
699,49.0,0,1,0,1,0,0,1,0,0,0,0,0,1,0,0,0,0
700,42.0,0,0,0,0,0,1,0,0,0,0,0,1,0,0,0,0,0
701,18.0,1,1,0,1,0,1,0,0,0,0,0,0,1,0,0,0,0
702,35.0,0,0,0,1,0,1,0,0,0,0,0,1,0,0,0,0,0
703,18.0,1,1,0,0,0,0,1,0,0,0,0,1,0,0,0,0,0
704,25.0,0,0,1,0,0,1,0,0,0,0,0,1,0,0,0,0,0
705,26.0,0,0,0,0,0,1,0,0,0,0,0,0,1,0,0,0,0
706,39.0,0,0,0,0,1,1,0,0,0,0,0,1,0,0,0,0,0
707,45.0,1,0,0,0,1,1,0,0,0,0,0,1,0,0,0,0,0
708,42.0,0,0,0,1,0,1,0,0,0,0,0,1,0,0,0,0,0
709,22.0,1,0,0,1,0,1,0,0,0,0,0,1,0,0,0,0,0
710,29.69911764705882,0,1,0,0,0,0,1,0,0,0,0,0,1,0,0,0,0
711,24.0,1,1,0,1,0,1,0,0,0,0,0,1,0,0,0,0,0
712,29.69911764705882,0,0,0,1,0,1,0,0,0,0,0,1,0,0,0,0,0
713,48.0,0,0,0,1,0,1,0,0,0,0,0,0,1,0,0,0,0
714,29.0,0,0,0,0,0,1,0,0,0,0,0,1,0,0,0,0,0
715,52.0,0,0,0,0,1,1,0,0,0,0,0,1,0,0,0,0,0
716,19.0,0,0,0,0,0,1,0,0,0,0,0,1,0,0,0,0,0
717,38.0,1,1,0,1,0,1,0,0,0,0,0,1,0,0,0,0,0
718,27.0,1,0,0,0,1,1,0,0,0,0,0,1,0,0,0,0,0
719,29.69911764705882,0,0,1,0,0,1,0,0,0,0,0,1,0,0,0,0,0
720,33.0,0,0,0,0,0,1,0,0,0,0,0,1,0,0,0,0,0
721,6.0,1,0,0,0,1,0,1,0,0,0,0,1,0,0,0,0,0
722,17.0,0,0,0,0,0,1,0,0,0,0,0,0,1,0,0,0,0
723,34.0,0,0,0,0,1,1,0,0,0,0,0,1,0,0,0,0,0
724,50.0,0,0,0,0,1,1,0,0,0,0,0,1,0,0,0,0,0
725,27.0,0,0,0,1,0,1,0,0,0,0,0,0,1,0,0,0,0
726,20.0,0,0,0,0,0,1,0,0,0,0,0,1,0,0,0,0,0
727,30.0,1,0,0,0,1,1,0,0,0,0,0,0,0,0,1,0,0
728,29.69911764705882,1,0,1,0,0,1,0,0,0,0,0,1,0,0,0,0,0
729,25.0,0,0,0,0,1,1,0,0,0,0,0,0,1,0,0,0,0
730,25.0,1,0,0,0,0,1,0,0,0,0,0,0,1,0,0,0,0
731,29.0,1,0,0,1,0,1,0,0,0,0,0,1,0,0,0,0,0
732,11.0,0,1,0,0,0,1,0,0,0,0,0,1,0,0,0,0,0
733,29.69911764705882,0,0,0,0,1,1,0,0,0,0,0,1,0,0,0,0,0
734,23.0,0,0,0,0,1,1,0,0,0,0,0,1,0,0,0,0,0
735,23.0,0,0,0,0,1,1,0,0,0,0,0,1,0,0,0,0,0
736,28.5,0,0,0,0,0,1,0,0,0,0,0,1,0,0,0,0,0
737,48.0,1,0,0,0,0,0,0,0,1,0,0,0,1,0,0,0,0
738,35.0,0,1,0,1,0,1,0,0,0,0,0,1,0,0,0,0,0
739,29.69911764705882,0,0,0,0,0,1,0,0,0,0,0,1,0,0,0,0,0
740,29.69911764705882,0,0,0,0,0,1,0,0,0,0,0,1,0,0,0,0,0
741,29.69911764705882,0,0,0,1,0,1,0,0,0,0,0,1,0,0,0,0,0
742,36.0,0,0,0,1,0,1,0,0,0,0,0,0,1,0,0,0,0
743,21.0,1,1,0,1,0,0,0,1,0,0,0,0,0,1,0,0,0
744,24.0,0,0,0,0,0,1,0,0,0,0,0,0,1,0,0,0,0
745,31.0,0,0,0,0,0,1,0,0,0,0,0,1,0,0,0,0,0
746,70.0,0,0,0,1,0,0,1,0,0,0,0,0,1,0,0,0,0
747,16.0,0,0,0,0,0,0,1,0,0,0,0,0,1,0,0,0,0
748,30.0,1,0,0,0,1,1,0,0,0,0,0,1,0,0,0,0,0
749,19.0,0,0,0,1,0,1,0,0,0,0,0,0,1,0,0,0,0
750,31.0,0,0,1,0,0,1,0,0,0,0,0,1,0,0,0,0,0
751,4.0,1,0,0,0,1,0,1,0,0,0,0,0,1,0,0,0,0
752,6.0,0,0,0,0,0,0,1,0,0,0,0,1,0,0,0,0,0
753,33.0,0,0,0,0,0,1,0,0,0,0,0,1,0,0,0,0,0
754,23.0,0,0,0,0,0,1,0,0,0,0,0,1,0,0,0,0,0
755,48.0,1,0,0,0,1,0,0,1,0,0,0,0,1,0,0,0,0
756,0.67,0,0,0,0,1,0,1,0,0,0,0,0,1,0,0,0,0
757,28.0,0,0,0,0,0,1,0,0,0,0,0,1,0,0,0,0,0
758,18.0,0,0,0,0,1,1,0,0,0,0,0,1,0,0,0,0,0
759,34.0,0,0,0,0,0,1,0,0,0,0,0,1,0,0,0,0,0
760,33.0,1,0,0,1,0,1,0,0,0,0,0,1,0,0,0,0,0
761,29.69911764705882,0,0,0,0,0,1,0,0,0,0,0,1,0,0,0,0,0
762,41.0,0,0,0,0,0,1,0,0,0,0,0,1,0,0,0,0,0
763,20.0,0,1,0,0,0,1,0,0,0,0,0,1,0,0,0,0,0
764,36.0,1,0,0,1,0,0,0,1,0,0,0,0,1,0,0,0,0
765,16.0,0,0,0,0,0,1,0,0,0,0,0,1,0,0,0,0,0
766,51.0,1,0,0,1,0,1,0,0,0,0,0,0,1,0,0,0,0
767,29.69911764705882,0,1,0,1,0,1,0,0,0,0,0,1,0,0,0,0,0
768,30.5,1,0,1,0,0,1,0,0,0,0,0,1,0,0,0,0,0
769,29.69911764705882,0,0,1,0,0,1,0,0,0,0,0,0,1,0,0,0,0
770,32.0,0,0,0,0,0,1,0,0,0,0,0,1,0,0,0,0,0
771,24.0,0,0,0,0,0,1,0,0,0,0,0,1,0,0,0,0,0
772,48.0,0,0,0,0,0,1,0,0,0,0,0,1,0,0,0,0,0
773,57.0,1,0,0,0,1,1,0,0,0,0,0,1,0,0,0,0,0
774,29.69911764705882,0,1,0,0,0,1,0,0,0,0,0,1,0,0,0,0,0
775,54.0,1,0,0,0,1,0,0,0,1,0,0,0,1,0,0,0,0
776,18.0,0,0,0,0,0,1,0,0,0,0,0,1,0,0,0,0,0
777,29.69911764705882,0,0,1,0,0,1,0,0,0,0,0,1,0,0,0,0,0
778,5.0,1,0,0,0,0,1,0,0,0,0,0,1,0,0,0,0,0
779,29.69911764705882,0,0,1,0,0,1,0,0,0,0,0,1,0,0,0,0,0
780,43.0,1,0,0,1,0,0,1,0,0,0,0,1,0,0,0,0,0
781,13.0,1,1,0,0,0,1,0,0,0,0,0,1,0,0,0,0,0
782,17.0,1,0,0,1,0,1,0,0,0,0,0,0,1,0,0,0,0
783,29.0,0,0,0,1,0,1,0,0,0,0,0,1,0,0,0,0,0
784,29.69911764705882,0,0,0,0,0,0,0,1,0,0,0,0,1,0,0,0,0
785,25.0,0,0,0,0,0,1,0,0,0,0,0,1,0,0,0,0,0
786,25.0,0,0,0,0,0,1,0,0,0,0,0,1,0,0,0,0,0
787,18.0,1,0,0,0,0,1,0,0,0,0,0,1,0,0,0,0,0
788,8.0,0,0,1,0,0,0,1,0,0,0,0,0,0,0,0,1,0
789,1.0,0,0,0,0,0,0,0,1,0,0,0,0,1,0,0,0,0
790,46.0,0,1,0,1,0,1,0,0,0,0,0,1,0,0,0,0,0
791,29.69911764705882,0,0,1,0,0,1,0,0,0,0,0,1,0,0,0,0,0
792,16.0,0,0,0,0,1,1,0,0,0,0,0,1,0,0,0,0,0
793,29.69911764705882,1,0,0,0,0,0,0,1,0,0,0,0,0,0,0,0,0
794,29.69911764705882,0,1,0,1,0,1,0,0,0,0,0,1,0,0,0,0,0
795,25.0,0,0,0,0,0,1,0,0,0,0,0,1,0,0,0,0,0
796,39.0,0,0,0,0,1,1,0,0,0,0,0,1,0,0,0,0,0
797,49.0,1,0,0,1,0,1,0,0,0,0,0,1,0,0,0,0,0
798,31.0,1,0,0,0,0,1,0,0,0,0,0,1,0,0,0,0,0
799,30.0,0,1,0,0,0,1,0,0,0,0,0,1,0,0,0,0,0
800,30.0,1,0,0,0,0,0,1,0,0,0,0,0,1,0,0,0,0
801,34.0,0,0,0,0,1,1,0,0,0,0,0,1,0,0,0,0,0
802,31.0,1,0,0,0,1,0,1,0,0,0,0,0,1,0,0,0,0
803,11.0,0,0,0,1,0,0,0,1,0,0,0,0,1,0,0,0,0
804,0.42,0,1,0,0,0,0,1,0,0,0,0,1,0,0,0,0,0
805,27.0,0,0,0,0,0,1,0,0,0,0,0,1,0,0,0,0,0
806,31.0,0,0,0,0,0,1,0,0,0,0,0,1,0,0,0,0,0
807,39.0,0,0,0,1,0,1,0,0,0,0,0,1,0,0,0,0,0
808,18.0,1,0,0,0,0,1,0,0,0,0,0,1,0,0,0,0,0
809,39.0,0,0,0,0,1,1,0,0,0,0,0,1,0,0,0,0,0
810,33.0,1,0,0,1,0,1,0,0,0,0,0,0,1,0,0,0,0
811,26.0,0,0,0,0,0,1,0,0,0,0,0,1,0,0,0,0,0
812,39.0,0,0,0,0,0,1,0,0,0,0,0,1,0,0,0,0,0
813,35.0,0,0,0,0,1,1,0,0,0,0,0,1,0,0,0,0,0
814,6.0,1,0,0,0,0,0,0,1,0,0,0,0,0,0,0,1,0
815,30.5,0,0,0,0,0,1,0,0,0,0,0,1,0,0,0,0,0
816,29.69911764705882,0,0,0,1,0,1,0,0,0,0,0,1,0,0,0,0,0
817,23.0,1,0,0,0,0,1,0,0,0,0,0,1,0,0,0,0,0
818,31.0,0,1,0,0,1,0,1,0,0,0,0,0,1,0,0,0,0
819,43.0,0,0,0,0,0,1,0,0,0,0,0,1,0,0,0,0,0
820,10.0,0,0,0,0,0,0,0,1,0,0,0,0,0,0,1,0,0
821,52.0,1,0,0,1,0,0,1,0,0,0,0,0,1,0,0,0,0
822,27.0,0,0,0,0,0,1,0,0,0,0,0,1,0,0,0,0,0
823,38.0,0,0,0,1,0,1,0,0,0,0,0,1,0,0,0,0,0
824,27.0,1,0,0,0,0,0,1,0,0,0,0,1,0,0,0,0,0
825,2.0,0,0,0,0,0,0,1,0,0,0,0,0,0,0,0,1,0
826,29.69911764705882,0,0,1,0,0,1,0,0,0,0,0,1,0,0,0,0,0
827,29.69911764705882,0,0,0,0,0,1,0,0,0,0,0,1,0,0,0,0,0
828,1.0,0,1,0,0,1,0,0,1,0,0,0,1,0,0,0,0,0
829,29.69911764705882,0,0,1,0,0,1,0,0,0,0,0,1,0,0,0,0,0
830,62.0,1,0,0,1,0,1,0,0,0,0,0,1,0,0,0,0,0
831,15.0,1,1,0,0,0,1,0,0,0,0,0,0,1,0,0,0,0
832,0.83,0,0,0,0,1,0,1,0,0,0,0,0,1,0,0,0,0
833,29.69911764705882,0,1,0,0,0,1,0,0,0,0,0,1,0,0,0,0,0
834,23.0,0,0,0,0,0,1,0,0,0,0,0,1,0,0,0,0,0
835,18.0,0,0,0,0,0,1,0,0,0,0,0,1,0,0,0,0,0
836,39.0,1,1,0,1,0,0,1,0,0,0,0,0,1,0,0,0,0
837,21.0,0,0,0,0,0,1,0,0,0,0,0,1,0,0,0,0,0
838,29.69911764705882,0,0,0,0,0,1,0,0,0,0,0,1,0,0,0,0,0
839,32.0,0,0,0,0,0,1,0,0,0,0,0,1,0,0,0,0,0
840,29.69911764705882,0,1,0,1,0,1,0,0,0,0,0,1,0,0,0,0,0
841,20.0,0,0,0,0,0,1,0,0,0,0,0,1,0,0,0,0,0
842,16.0,0,0,0,0,1,1,0,0,0,0,0,1,0,0,0,0,0
843,30.0,1,1,0,1,0,1,0,0,0,0,0,1,0,0,0,0,0
844,34.5,0,1,0,0,0,1,0,0,0,0,0,1,0,0,0,0,0
845,17.0,0,0,0,0,0,1,0,0,0,0,0,1,0,0,0,0,0
846,42.0,0,0,0,0,0,1,0,0,0,0,0,1,0,0,0,0,0
847,29.69911764705882,0,0,0,0,0,0,0,1,0,0,0,0,0,0,0,0,0
848,35.0,0,1,0,0,0,1,0,0,0,0,0,1,0,0,0,0,0
849,28.0,0,0,0,0,1,0,1,0,0,0,0,1,0,0,0,0,0
850,29.69911764705882,1,1,0,1,0,1,0,0,0,0,0,0,1,0,0,0,0
851,4.0,0,0,0,0,0,0,0,1,0,0,0,0,0,0,0,1,0
852,74.0,0,0,0,0,0,1,0,0,0,0,0,1,0,0,0,0,0
853,9.0,1,1,0,0,0,0,1,0,0,0,0,0,1,0,0,0,0
854,16.0,1,0,0,1,0,0,1,0,0,0,0,1,0,0,0,0,0
855,44.0,1,0,0,0,1,1,0,0,0,0,0,0,1,0,0,0,0
856,18.0,1,0,0,0,0,0,1,0,0,0,0,1,0,0,0,0,0
857,45.0,1,0,0,1,0,0,1,0,0,0,0,0,1,0,0,0,0
858,51.0,0,0,0,1,0,1,0,0,0,0,0,1,0,0,0,0,0
859,24.0,1,1,0,0,0,0,0,0,1,0,0,1,0,0,0,0,0
860,29.69911764705882,0,1,0,0,0,1,0,0,0,0,0,1,0,0,0,0,0
861,41.0,0,0,0,0,0,1,0,0,0,0,0,0,0,1,0,0,0
862,21.0,0,0,0,0,1,1,0,0,0,0,0,0,1,0,0,0,0
863,48.0,1,0,0,1,0,1,0,0,0,0,0,1,0,0,0,0,0
864,29.69911764705882,1,0,0,0,0,0,0,1,0,0,0,0,0,0,0,0,0
865,24.0,0,0,0,0,1,1,0,0,0,0,0,1,0,0,0,0,0
866,42.0,1,0,0,0,1,1,0,0,0,0,0,1,0,0,0,0,0
867,27.0,1,1,0,0,1,1,0,0,0,0,0,0,1,0,0,0,0
868,31.0,0,0,0,1,0,1,0,0,0,0,0,1,0,0,0,0,0
869,29.69911764705882,0,0,0,0,0,1,0,0,0,0,0,1,0,0,0,0,0
870,4.0,0,0,0,0,0,0,1,0,0,0,0,0,1,0,0,0,0
871,26.0,0,0,0,0,0,1,0,0,0,0,0,1,0,0,0,0,0
872,47.0,1,0,0,1,0,0,1,0,0,0,0,0,1,0,0,0,0
873,33.0,0,0,0,1,0,1,0,0,0,0,0,1,0,0,0,0,0
874,47.0,0,0,0,0,0,1,0,0,0,0,0,1,0,0,0,0,0
875,28.0,1,1,0,0,1,1,0,0,0,0,0,0,1,0,0,0,0
876,15.0,1,1,0,0,0,1,0,0,0,0,0,1,0,0,0,0,0
877,20.0,0,0,0,0,0,1,0,0,0,0,0,1,0,0,0,0,0
878,19.0,0,0,0,0,0,1,0,0,0,0,0,1,0,0,0,0,0
879,29.69911764705882,0,0,0,0,0,1,0,0,0,0,0,1,0,0,0,0,0
880,56.0,1,1,0,1,0,0,1,0,0,0,0,1,0,0,0,0,0
881,25.0,1,0,0,0,1,0,1,0,0,0,0,1,0,0,0,0,0
882,33.0,0,0,0,0,0,1,0,0,0,0,0,1,0,0,0,0,0
883,22.0,1,0,0,0,0,1,0,0,0,0,0,1,0,0,0,0,0
884,28.0,0,0,0,0,1,1,0,0,0,0,0,1,0,0,0,0,0
885,25.0,0,0,0,0,0,1,0,0,0,0,0,1,0,0,0,0,0
886,39.0,1,0,1,0,0,0,0,0,0,0,1,1,0,0,0,0,0
887,27.0,0,0,0,0,1,1,0,0,0,0,0,1,0,0,0,0,0
888,19.0,1,0,0,1,0,1,0,0,0,0,0,1,0,0,0,0,0
889,29.69911764705882,1,0,0,0,0,0,0,1,0,0,0,0,1,0,0,0,0
890,26.0,0,1,0,1,0,1,0,0,0,0,0,1,0,0,0,0,0
891,32.0,0,0,1,0,0,1,0,0,0,0,0,1,0,0,0,0,0
